-- Insert into Regiao
INSERT INTO Regiao (nome, tipo) VALUES ('Utica', 'Planicie');
INSERT INTO Regiao (nome, tipo) VALUES ('Scranton', 'Planicie');
INSERT INTO Regiao (nome, tipo) VALUES ('Albany', 'Planicie');
INSERT INTO Regiao (nome, tipo) VALUES ('Stamford', 'Planicie');
INSERT INTO Regiao (nome, tipo) VALUES ('Buffalo', 'Vale');
INSERT INTO Regiao (nome, tipo) VALUES ('Rochester', 'Vale');
INSERT INTO Regiao (nome, tipo) VALUES ('Syracuse', 'Vale');
INSERT INTO Regiao (nome, tipo) VALUES ('Yonkers', 'Montanha');
INSERT INTO Regiao (nome, tipo) VALUES ('White Plains', 'Montanha');
INSERT INTO Regiao (nome, tipo) VALUES ('New Rochelle', 'Montanha');
INSERT INTO Regiao (nome, tipo) VALUES ('Binghamton', 'Planicie');
INSERT INTO Regiao (nome, tipo) VALUES ('Niagara Falls', 'Planicie');
INSERT INTO Regiao (nome, tipo) VALUES ('Newburgh', 'Planicie');
INSERT INTO Regiao (nome, tipo) VALUES ('Troy', 'Planicie');
INSERT INTO Regiao (nome, tipo) VALUES ('Schenectady', 'Vale');
INSERT INTO Regiao (nome, tipo) VALUES ('Poughkeepsie', 'Vale');
INSERT INTO Regiao (nome, tipo) VALUES ('Kingston', 'Vale');
INSERT INTO Regiao (nome, tipo) VALUES ('Middletown', 'Vale');
INSERT INTO Regiao (nome, tipo) VALUES ('Corning', 'Vale');
INSERT INTO Regiao (nome, tipo) VALUES ('Oswego', 'Vale');
INSERT INTO Regiao (nome, tipo) VALUES ('Oneonta', 'Vale');
INSERT INTO Regiao (nome, tipo) VALUES ('Mount Vernon', 'Montanha');
INSERT INTO Regiao (nome, tipo) VALUES ('Newburgh', 'Montanha');
INSERT INTO Regiao (nome, tipo) VALUES ('New Rochelle', 'Montanha');
INSERT INTO Regiao (nome, tipo) VALUES ('White Plains', 'Montanha');
INSERT INTO Regiao (nome, tipo) VALUES ('Yonkers', 'Montanha');
INSERT INTO Regiao (nome, tipo) VALUES ('Syracuse', 'Montanha');
INSERT INTO Regiao (nome, tipo) VALUES ('Rochester', 'Montanha');
INSERT INTO Regiao (nome, tipo) VALUES ('Buffalo', 'Planicie');
INSERT INTO Regiao (nome, tipo) VALUES ('Albany', 'Planicie');

-- Insert into Empresa
INSERT INTO Empresa (registro, nome) VALUES ('EMP-001', 'Dunder Mifflin');
INSERT INTO Empresa (registro, nome) VALUES ('EMP-002', 'Sabre Corporation');
INSERT INTO Empresa (registro, nome) VALUES ('EMP-003', 'Athlead');
INSERT INTO Empresa (registro, nome) VALUES ('EMP-004', 'WUPHF.com');
INSERT INTO Empresa (registro, nome) VALUES ('EMP-005', 'Michael Scott Paper Company');
INSERT INTO Empresa (registro, nome) VALUES ('EMP-006', 'Dunder Mifflin Sabre');
INSERT INTO Empresa (registro, nome) VALUES ('EMP-007', 'Dunder Mifflin Infinity');
INSERT INTO Empresa (registro, nome) VALUES ('EMP-008', 'Dunder Mifflin Utica');
INSERT INTO Empresa (registro, nome) VALUES ('EMP-009', 'Dunder Mifflin Stamford');
INSERT INTO Empresa (registro, nome) VALUES ('EMP-010', 'Dunder Mifflin Scranton');

-- Insert into Criatura
INSERT INTO Criatura (nome, tipo) VALUES ('Humberto', 'Na_vi');
INSERT INTO Criatura (nome, tipo) VALUES ('Doisberto', 'Na_vi');
INSERT INTO Criatura (nome, tipo) VALUES ('Tresberto', 'Na_vi');
INSERT INTO Criatura (nome, tipo) VALUES ('Quatroberto', 'Na_vi');
INSERT INTO Criatura (nome, tipo) VALUES ('Cincoberto', 'Na_vi');
INSERT INTO Criatura (nome, tipo) VALUES ('Seisberto', 'Na_vi');
INSERT INTO Criatura (nome, tipo) VALUES ('Seteberto', 'Na_vi');
INSERT INTO Criatura (nome, tipo) VALUES ('Oitoberto', 'Na_vi');
INSERT INTO Criatura (nome, tipo) VALUES ('Noveberto', 'Na_vi');
INSERT INTO Criatura (nome, tipo) VALUES ('Dezberto', 'Na_vi');
INSERT INTO Criatura (nome, tipo) VALUES ('Humhorse', 'Direhorse');
INSERT INTO Criatura (nome, tipo) VALUES ('Doishorse', 'Direhorse');
INSERT INTO Criatura (nome, tipo) VALUES ('Treshorse', 'Direhorse');
INSERT INTO Criatura (nome, tipo) VALUES ('Quatrohorse', 'Direhorse');
INSERT INTO Criatura (nome, tipo) VALUES ('Cincohorse', 'Direhorse');
INSERT INTO Criatura (nome, tipo) VALUES ('Seishorse', 'Direhorse');
INSERT INTO Criatura (nome, tipo) VALUES ('Setehorse', 'Direhorse');
INSERT INTO Criatura (nome, tipo) VALUES ('Oitohorse', 'Direhorse');
INSERT INTO Criatura (nome, tipo) VALUES ('Novehorse', 'Direhorse');
INSERT INTO Criatura (nome, tipo) VALUES ('Dezhorse', 'Direhorse');
INSERT INTO Criatura (nome, tipo) VALUES ('Humopteryx', 'Leonopteryx');
INSERT INTO Criatura (nome, tipo) VALUES ('Doisopteryx', 'Leonopteryx');
INSERT INTO Criatura (nome, tipo) VALUES ('Tresopteryx', 'Leonopteryx');
INSERT INTO Criatura (nome, tipo) VALUES ('Quatropteryx', 'Leonopteryx');
INSERT INTO Criatura (nome, tipo) VALUES ('Cincopteryx', 'Leonopteryx');
INSERT INTO Criatura (nome, tipo) VALUES ('Seisopteryx', 'Leonopteryx');
INSERT INTO Criatura (nome, tipo) VALUES ('Seteopteryx', 'Leonopteryx');
INSERT INTO Criatura (nome, tipo) VALUES ('Oitopteryx', 'Leonopteryx');
INSERT INTO Criatura (nome, tipo) VALUES ('Noveopteryx', 'Leonopteryx');
INSERT INTO Criatura (nome, tipo) VALUES ('Dezopteryx', 'Leonopteryx');
INSERT INTO Criatura (nome, tipo) VALUES ('Humanator', 'Thanator');
INSERT INTO Criatura (nome, tipo) VALUES ('Doisnator', 'Thanator');
INSERT INTO Criatura (nome, tipo) VALUES ('Tresnator', 'Thanator');
INSERT INTO Criatura (nome, tipo) VALUES ('Quatronator', 'Thanator');
INSERT INTO Criatura (nome, tipo) VALUES ('Cinconator', 'Thanator');
INSERT INTO Criatura (nome, tipo) VALUES ('Seisnator', 'Thanator');
INSERT INTO Criatura (nome, tipo) VALUES ('Setenator', 'Thanator');
INSERT INTO Criatura (nome, tipo) VALUES ('Oitonator', 'Thanator');
INSERT INTO Criatura (nome, tipo) VALUES ('Novenator', 'Thanator');
INSERT INTO Criatura (nome, tipo) VALUES ('Deznator', 'Thanator');
INSERT INTO Criatura (nome, tipo) VALUES ('Hubanshee', 'Banshee');
INSERT INTO Criatura (nome, tipo) VALUES ('Doisnshee', 'Banshee');
INSERT INTO Criatura (nome, tipo) VALUES ('Tresnshee', 'Banshee');
INSERT INTO Criatura (nome, tipo) VALUES ('Quatronshee', 'Banshee');
INSERT INTO Criatura (nome, tipo) VALUES ('Cinconshee', 'Banshee');
INSERT INTO Criatura (nome, tipo) VALUES ('Seisnshee', 'Banshee');
INSERT INTO Criatura (nome, tipo) VALUES ('Setenshee', 'Banshee');
INSERT INTO Criatura (nome, tipo) VALUES ('Oitonshee', 'Banshee');
INSERT INTO Criatura (nome, tipo) VALUES ('Novenshee', 'Banshee');
INSERT INTO Criatura (nome, tipo) VALUES ('Deznshee', 'Banshee');

-- Insert into Pesquisa
INSERT INTO Pesquisa (nome) VALUES ('Integração Avatar-Na_vi');
INSERT INTO Pesquisa (nome) VALUES ('Extração de Unobtanium');
INSERT INTO Pesquisa (nome) VALUES ('Estudo da Flora de Pandora');
INSERT INTO Pesquisa (nome) VALUES ('Comunicação com Eywa');
INSERT INTO Pesquisa (nome) VALUES ('Desenvolvimento de Armas Biológicas');
INSERT INTO Pesquisa (nome) VALUES ('Estudo de Na_vi');
INSERT INTO Pesquisa (nome) VALUES ('Estudo de Direhorse');
INSERT INTO Pesquisa (nome) VALUES ('Estudo de Leonopteryx');
INSERT INTO Pesquisa (nome) VALUES ('Estudo de Thanator');
INSERT INTO Pesquisa (nome) VALUES ('Estudo de Banshee');
INSERT INTO Pesquisa (nome) VALUES ('Estudo de Humano');
INSERT INTO Pesquisa (nome) VALUES ('Estudo de Minerador');
INSERT INTO Pesquisa (nome) VALUES ('Estudo de Cientista');
INSERT INTO Pesquisa (nome) VALUES ('Estudo de Militar');
INSERT INTO Pesquisa (nome) VALUES ('Estudo de Equino');
INSERT INTO Pesquisa (nome) VALUES ('Estudo de Humanóide');
INSERT INTO Pesquisa (nome) VALUES ('Estudo de Predador Alado');
INSERT INTO Pesquisa (nome) VALUES ('Estudo de Predador Terrestre');
INSERT INTO Pesquisa (nome) VALUES ('Estudo de Ave de Rapina');
INSERT INTO Pesquisa (nome) VALUES ('Estudo de Planicie');

-- Insert into Equipamento
INSERT INTO Equipamento (nome, utilidade, consumo_energia) VALUES ('Link Unit', 'Conexão Neural', 100);
INSERT INTO Equipamento (nome, utilidade, consumo_energia) VALUES ('AMP Suit', 'Exoesqueleto Militar', 500);
INSERT INTO Equipamento (nome, utilidade, consumo_energia) VALUES ('Scanner Biológico', 'Análise de DNA', 200);
INSERT INTO Equipamento (nome, utilidade, consumo_energia) VALUES ('Sismógrafo', 'Detecção de Unobtanium', 300);
INSERT INTO Equipamento (nome, utilidade, consumo_energia) VALUES ('Rifle de Plasma', 'Arma de Longo Alcance', 700);
INSERT INTO Equipamento (nome, utilidade, consumo_energia) VALUES ('Lança de Plasma', 'Arma de Curto Alcance', 500);
INSERT INTO Equipamento (nome, utilidade, consumo_energia) VALUES ('Machado de Plasma', 'Arma de Curto Alcance', 400);
INSERT INTO Equipamento (nome, utilidade, consumo_energia) VALUES ('Espada de Plasma', 'Arma de Curto Alcance', 300);
INSERT INTO Equipamento (nome, utilidade, consumo_energia) VALUES ('Escudo de Plasma', 'Defesa', 200);
INSERT INTO Equipamento (nome, utilidade, consumo_energia) VALUES ('Mochila de Plasma', 'Transporte', 100);

-- Insert into Jazida
INSERT INTO Jazida (base, altura, latitude, longitude, ativa, qtd_recursos, id_regiao) VALUES (1000, 500, -22.5, 140.2, 1, 1000000, 1);
INSERT INTO Jazida (base, altura, latitude, longitude, ativa, qtd_recursos, id_regiao) VALUES (500, 250, -15.7, 135.9, 1, 500000, 2);
INSERT INTO Jazida (base, altura, latitude, longitude, ativa, qtd_recursos, id_regiao) VALUES (2000, 1000, -10.3, 130.5, 0, 0, 3);
INSERT INTO Jazida (base, altura, latitude, longitude, ativa, qtd_recursos, id_regiao) VALUES (750, 375, -5.8, 125.1, 1, 750000, 4);
INSERT INTO Jazida (base, altura, latitude, longitude, ativa, qtd_recursos, id_regiao) VALUES (1500, 750, 0.2, 120.7, 1, 1500000, 5);
INSERT INTO Jazida (base, altura, latitude, longitude, ativa, qtd_recursos, id_regiao) VALUES (1000, 500, -22.5, 140.2, 1, 1000000, 6);
INSERT INTO Jazida (base, altura, latitude, longitude, ativa, qtd_recursos, id_regiao) VALUES (500, 250, -15.7, 135.9, 1, 500000, 7);
INSERT INTO Jazida (base, altura, latitude, longitude, ativa, qtd_recursos, id_regiao) VALUES (2000, 1000, -10.3, 130.5, 0, 0, 8);
INSERT INTO Jazida (base, altura, latitude, longitude, ativa, qtd_recursos, id_regiao) VALUES (750, 375, -5.8, 125.1, 1, 750000, 9);
INSERT INTO Jazida (base, altura, latitude, longitude, ativa, qtd_recursos, id_regiao) VALUES (1500, 750, 0.2, 120.7, 1, 1500000, 10);

-- Insert into Colonia
INSERT INTO Colonia (nome, apelido, pressurizada, id_jazida, registro_empresa) VALUES ('Colonia 1 da Dunder Mifflin', 'Colonia Dunder 1', 1, 1, 'EMP-001');
INSERT INTO Colonia (nome, apelido, pressurizada, id_jazida, registro_empresa) VALUES ('Colonia 2 da Dunder Mifflin', 'Colonia Dunder 2', 1, 2, 'EMP-001');
INSERT INTO Colonia (nome, apelido, pressurizada, id_jazida, registro_empresa) VALUES ('Colonia 3 da Dunder Mifflin', 'Colonia Dunder 3', 0, 4, 'EMP-001');
INSERT INTO Colonia (nome, apelido, pressurizada, id_jazida, registro_empresa) VALUES ('Colonia 4 da Dunder Mifflin', 'Colonia Dunder 4', 1, 5, 'EMP-003');
INSERT INTO Colonia (nome, apelido, pressurizada, id_jazida, registro_empresa) VALUES ('Colonia 1 da Sabre Corporation', 'Colonia Sabre1', 1, 2, 'EMP-002');
INSERT INTO Colonia (nome, apelido, pressurizada, id_jazida, registro_empresa) VALUES ('Colonia 2 da Sabre Corporation', 'Colonia Sabre2', 1, 3, 'EMP-002');
INSERT INTO Colonia (nome, apelido, pressurizada, id_jazida, registro_empresa) VALUES ('Colonia 3 da Sabre Corporation', 'Colonia Sabre3', 0, 4, 'EMP-002');
INSERT INTO Colonia (nome, apelido, pressurizada, id_jazida, registro_empresa) VALUES ('Colonia 1 da Athlead', 'Colonia Athlead 1', 0, 4, 'EMP-003');
INSERT INTO Colonia (nome, apelido, pressurizada, id_jazida, registro_empresa) VALUES ('Colonia 2 da Athlead', 'Colonia Athlead 2', 1, 5, 'EMP-003');
INSERT INTO Colonia (nome, apelido, pressurizada, id_jazida, registro_empresa) VALUES ('Colonia 1 da WUPHF.com', 'Colonia WUPHF 1', 1, 5, 'EMP-004');
INSERT INTO Colonia (nome, apelido, pressurizada, id_jazida, registro_empresa) VALUES ('Colonia 1 da Michael Scott Paper Company', 'Colonia Michael 1', 1, 6, 'EMP-005');
INSERT INTO Colonia (nome, apelido, pressurizada, id_jazida, registro_empresa) VALUES ('Colonia 1 da Dunder Mifflin Sabre', 'Colonia Dunder Sabre 1', 0, 7, 'EMP-006');
INSERT INTO Colonia (nome, apelido, pressurizada, id_jazida, registro_empresa) VALUES ('Colonia 1 da Dunder Mifflin Infinity', 'Colonia Dunder Infinity 1', 1, 8, 'EMP-007');
INSERT INTO Colonia (nome, apelido, pressurizada, id_jazida, registro_empresa) VALUES ('Colonia 1 da Dunder Mifflin Utica', 'Colonia Dunder Utica 1', 1, 9, 'EMP-008');
INSERT INTO Colonia (nome, apelido, pressurizada, id_jazida, registro_empresa) VALUES ('Colonia 1 da Dunder Mifflin Stamford', 'Colonia Dunder Stamford 1', 0, 10, 'EMP-009');
INSERT INTO Colonia (nome, apelido, pressurizada, id_jazida, registro_empresa) VALUES ('Colonia 1 da Dunder Mifflin Scranton', 'Colonia Dunder Scranton 1', 1, 1, 'EMP-010');

-- Insert into Humano
INSERT INTO Humano (nome, tipo, id_colonia) VALUES ('Michael Scott', 'Cientista', 1);
INSERT INTO Humano (nome, tipo, id_colonia) VALUES ('Dwight Schrute', 'Cientista', 1);
INSERT INTO Humano (nome, tipo, id_colonia) VALUES ('Jim Halpert', 'Cientista', 1);
INSERT INTO Humano (nome, tipo, id_colonia) VALUES ('Pam Beesly', 'Cientista', 2);
INSERT INTO Humano (nome, tipo, id_colonia) VALUES ('Ryan Howard', 'Cientista', 2);
INSERT INTO Humano (nome, tipo, id_colonia) VALUES ('Andy Bernard', 'Cientista', 2);
INSERT INTO Humano (nome, tipo, id_colonia) VALUES ('Robert California', 'Cientista', 3);
INSERT INTO Humano (nome, tipo, id_colonia) VALUES ('Kevin Malone', 'Cientista', 3);
INSERT INTO Humano (nome, tipo, id_colonia) VALUES ('Angela Martin', 'Cientista', 3);
INSERT INTO Humano (nome, tipo, id_colonia) VALUES ('Oscar Martinez', 'Cientista', 4);
INSERT INTO Humano (nome, tipo, id_colonia) VALUES ('Meredith Palmer', 'Cientista', 4);
INSERT INTO Humano (nome, tipo, id_colonia) VALUES ('Creed Bratton', 'Cientista', 4);
INSERT INTO Humano (nome, tipo, id_colonia) VALUES ('Kelly Kapoor', 'Militar', 5);
INSERT INTO Humano (nome, tipo, id_colonia) VALUES ('Holly Flax', 'Militar', 6);
INSERT INTO Humano (nome, tipo, id_colonia) VALUES ('Jan Levinson', 'Militar', 7);
INSERT INTO Humano (nome, tipo, id_colonia) VALUES ('David Wallace', 'Militar', 8);
INSERT INTO Humano (nome, tipo, id_colonia) VALUES ('Gabe Lewis', 'Militar', 9);
INSERT INTO Humano (nome, tipo, id_colonia) VALUES ('Nellie Bertram', 'Militar', 10);
INSERT INTO Humano (nome, tipo, id_colonia) VALUES ('Charles Miner', 'Militar', 11);
INSERT INTO Humano (nome, tipo, id_colonia) VALUES ('Deangelo Vickers', 'Militar', 12);
INSERT INTO Humano (nome, tipo, id_colonia) VALUES ('Jo Bennett', 'Militar', 13);
INSERT INTO Humano (nome, tipo, id_colonia) VALUES ('Robert Lipton', 'Militar', 14);
INSERT INTO Humano (nome, tipo, id_colonia) VALUES ('Roy Anderson', 'Minerador', 15);
INSERT INTO Humano (nome, tipo, id_colonia) VALUES ('Darryl Philbin', 'Minerador', 16);
INSERT INTO Humano (nome, tipo, id_colonia) VALUES ('Craig', 'Minerador', 1);
INSERT INTO Humano (nome, tipo, id_colonia) VALUES ('Lonny Collins', 'Minerador', 2);
INSERT INTO Humano (nome, tipo, id_colonia) VALUES ('Madge Madsen', 'Minerador', 3);
INSERT INTO Humano (nome, tipo, id_colonia) VALUES ('Glenn', 'Minerador', 4);
INSERT INTO Humano (nome, tipo, id_colonia) VALUES ('Hidetoshi Hasagawa', 'Minerador', 5);
INSERT INTO Humano (nome, tipo, id_colonia) VALUES ('Hide', 'Minerador', 6);
INSERT INTO Humano (nome, tipo, id_colonia) VALUES ('Hank Tate', 'Minerador', 7);
INSERT INTO Humano (nome, tipo, id_colonia) VALUES ('Rolf', 'Minerador', 8);

-- Insert into Container
INSERT INTO Container (nome, sigla, tipo, tamanho, id_colonia) VALUES ('Laboratório Alpha', 'LAB-A', 'Laboratorio', 'Grande', 1);
INSERT INTO Container (nome, sigla, tipo, tamanho, id_colonia) VALUES ('Laboratório Beta', 'LAB-B', 'Laboratorio', 'Médio', 2);
INSERT INTO Container (nome, sigla, tipo, tamanho, id_colonia) VALUES ('Laboratório Biológico', 'LAB-BIO', 'Laboratorio', 'Médio', 3);
INSERT INTO Container (nome, sigla, tipo, tamanho, id_colonia) VALUES ('Laboratório de Armas', 'LAB-ARM', 'Laboratorio', 'Pequeno', 4);
INSERT INTO Container (nome, sigla, tipo, tamanho, id_colonia) VALUES ('Laboratório de Comunicação', 'LAB-COM', 'Laboratorio', 'Grande', 5);
INSERT INTO Container (nome, sigla, tipo, tamanho, id_colonia) VALUES ('Laboratório de Estudos', 'LAB-EST', 'Laboratorio', 'Médio', 6);
INSERT INTO Container (nome, sigla, tipo, tamanho, id_colonia) VALUES ('Laboratório de Pesquisa', 'LAB-PES', 'Laboratorio', 'Pequeno', 7);
INSERT INTO Container (nome, sigla, tipo, tamanho, id_colonia) VALUES ('Laboratório de Testes', 'LAB-TEST', 'Laboratorio', 'Grande', 8);
INSERT INTO Container (nome, sigla, tipo, tamanho, id_colonia) VALUES ('Laboratório de Treinamento', 'LAB-TRE', 'Laboratorio', 'Médio', 9);
INSERT INTO Container (nome, sigla, tipo, tamanho, id_colonia) VALUES ('Laboratório de Análise', 'LAB-ANA', 'Laboratorio', 'Pequeno', 10);
INSERT INTO Container (nome, sigla, tipo, tamanho, id_colonia) VALUES ('Residência Beta', 'RES-B', 'Residencia', 'Pequeno', 1);
INSERT INTO Container (nome, sigla, tipo, tamanho, id_colonia) VALUES ('Residência Delta', 'RES-D', 'Residencia', 'Médio', 2);
INSERT INTO Container (nome, sigla, tipo, tamanho, id_colonia) VALUES ('Residência Epsilon', 'RES-E', 'Residencia', 'Grande', 3);
INSERT INTO Container (nome, sigla, tipo, tamanho, id_colonia) VALUES ('Residência Zeta', 'RES-Z', 'Residencia', 'Pequeno', 4);
INSERT INTO Container (nome, sigla, tipo, tamanho, id_colonia) VALUES ('Residência Theta', 'RES-T', 'Residencia', 'Médio', 5);
INSERT INTO Container (nome, sigla, tipo, tamanho, id_colonia) VALUES ('Residência Iota', 'RES-I', 'Residencia', 'Grande', 6);
INSERT INTO Container (nome, sigla, tipo, tamanho, id_colonia) VALUES ('Residência Kappa', 'RES-K', 'Residencia', 'Pequeno', 7);
INSERT INTO Container (nome, sigla, tipo, tamanho, id_colonia) VALUES ('Residência Lambda', 'RES-L', 'Residencia', 'Médio', 8);
INSERT INTO Container (nome, sigla, tipo, tamanho, id_colonia) VALUES ('Residência Mu', 'RES-M', 'Residencia', 'Grande', 9);
INSERT INTO Container (nome, sigla, tipo, tamanho, id_colonia) VALUES ('Residência Nu', 'RES-N', 'Residencia', 'Pequeno', 10);
INSERT INTO Container (nome, sigla, tipo, tamanho, id_colonia) VALUES ('Depósito de Unobtanium', 'DEP-U', 'Deposito', 'Grande', 1);
INSERT INTO Container (nome, sigla, tipo, tamanho, id_colonia) VALUES ('Depósito de Minerais', 'DEP-M', 'Deposito', 'Médio', 2);
INSERT INTO Container (nome, sigla, tipo, tamanho, id_colonia) VALUES ('Depósito de Água', 'DEP-A', 'Deposito', 'Pequeno', 3);
INSERT INTO Container (nome, sigla, tipo, tamanho, id_colonia) VALUES ('Depósito de Comida', 'DEP-C', 'Deposito', 'Grande', 4);
INSERT INTO Container (nome, sigla, tipo, tamanho, id_colonia) VALUES ('Depósito de Armas', 'DEP-ARM', 'Deposito', 'Médio', 5);
INSERT INTO Container (nome, sigla, tipo, tamanho, id_colonia) VALUES ('Depósito de Munição', 'DEP-MUN', 'Deposito', 'Pequeno', 6);
INSERT INTO Container (nome, sigla, tipo, tamanho, id_colonia) VALUES ('Depósito de Medicamentos', 'DEP-MED', 'Deposito', 'Grande', 7);
INSERT INTO Container (nome, sigla, tipo, tamanho, id_colonia) VALUES ('Depósito de Ferramentas', 'DEP-FER', 'Deposito', 'Médio', 8);
INSERT INTO Container (nome, sigla, tipo, tamanho, id_colonia) VALUES ('Depósito de Equipamentos', 'DEP-EQ', 'Deposito', 'Pequeno', 9);
INSERT INTO Container (nome, sigla, tipo, tamanho, id_colonia) VALUES ('Depósito de Veículos', 'DEP-VEI', 'Deposito', 'Grande', 10);
INSERT INTO Container (nome, sigla, tipo, tamanho, id_colonia) VALUES ('Maquinário de Jazida', 'MAQ-1', 'Maquinario', 'Grande', 11);
INSERT INTO Container (nome, sigla, tipo, tamanho, id_colonia) VALUES ('Maquinário de Jazida', 'MAQ-2', 'Maquinario', 'Médio', 12);
INSERT INTO Container (nome, sigla, tipo, tamanho, id_colonia) VALUES ('Maquinário de Jazida', 'MAQ-3', 'Maquinario', 'Pequeno', 13);
INSERT INTO Container (nome, sigla, tipo, tamanho, id_colonia) VALUES ('Maquinário de Jazida', 'MAQ-4', 'Maquinario', 'Grande', 14);
INSERT INTO Container (nome, sigla, tipo, tamanho, id_colonia) VALUES ('Maquinário de Jazida', 'MAQ-5', 'Maquinario', 'Médio', 15);
INSERT INTO Container (nome, sigla, tipo, tamanho, id_colonia) VALUES ('Maquinário de Jazida', 'MAQ-6', 'Maquinario', 'Pequeno', 16);


-- Insert into Laboratorio
INSERT INTO Laboratorio (finalidade, id_container) VALUES ('Pesquisa de Avatar', 1);
INSERT INTO Laboratorio (finalidade, id_container) VALUES ('Estudo de Unobtanium', 2);
INSERT INTO Laboratorio (finalidade, id_container) VALUES ('Estudo de Flora', 3);
INSERT INTO Laboratorio (finalidade, id_container) VALUES ('Comunicação com Eywa', 4);
INSERT INTO Laboratorio (finalidade, id_container) VALUES ('Desenvolvimento de Armas', 5);
INSERT INTO Laboratorio (finalidade, id_container) VALUES ('Estudo de Na_vi', 6);
INSERT INTO Laboratorio (finalidade, id_container) VALUES ('Estudo de Direhorse', 7);
INSERT INTO Laboratorio (finalidade, id_container) VALUES ('Estudo de Leonopteryx', 8);
INSERT INTO Laboratorio (finalidade, id_container) VALUES ('Estudo de Thanator', 9);
INSERT INTO Laboratorio (finalidade, id_container) VALUES ('Estudo de Banshee', 10);

-- Insert into Residencia
INSERT INTO Residencia (qtd_camas, qtd_banheiros, id_container) VALUES (2, 1, 11);
INSERT INTO Residencia (qtd_camas, qtd_banheiros, id_container) VALUES (4, 2, 12);
INSERT INTO Residencia (qtd_camas, qtd_banheiros, id_container) VALUES (6, 3, 13);
INSERT INTO Residencia (qtd_camas, qtd_banheiros, id_container) VALUES (2, 1, 14);
INSERT INTO Residencia (qtd_camas, qtd_banheiros, id_container) VALUES (4, 2, 15);
INSERT INTO Residencia (qtd_camas, qtd_banheiros, id_container) VALUES (6, 3, 16);
INSERT INTO Residencia (qtd_camas, qtd_banheiros, id_container) VALUES (2, 1, 17);
INSERT INTO Residencia (qtd_camas, qtd_banheiros, id_container) VALUES (4, 2, 18);
INSERT INTO Residencia (qtd_camas, qtd_banheiros, id_container) VALUES (6, 3, 19);
INSERT INTO Residencia (qtd_camas, qtd_banheiros, id_container) VALUES (2, 1, 20);

-- Insert into Deposito
INSERT INTO Deposito (tipo, id_container) VALUES ('Minerais', 21);
INSERT INTO Deposito (tipo, id_container) VALUES ('Água', 22);
INSERT INTO Deposito (tipo, id_container) VALUES ('Comida', 23);
INSERT INTO Deposito (tipo, id_container) VALUES ('Armas', 24);
INSERT INTO Deposito (tipo, id_container) VALUES ('Munição', 25);
INSERT INTO Deposito (tipo, id_container) VALUES ('Medicamentos', 26);
INSERT INTO Deposito (tipo, id_container) VALUES ('Ferramentas', 27);
INSERT INTO Deposito (tipo, id_container) VALUES ('Equipamentos', 28);
INSERT INTO Deposito (tipo, id_container) VALUES ('Veículos', 29);
INSERT INTO Deposito (tipo, id_container) VALUES ('Unobtanium', 30);

-- Insert into Maquinario
INSERT INTO Maquinario (tipo, modelo, id_jazida) VALUES ('Escavadeira', 'RDA Excavator', 1);
INSERT INTO Maquinario (tipo, modelo, id_jazida) VALUES ('Caminhão', 'RDA Hauler', 1);
INSERT INTO Maquinario (tipo, modelo, id_jazida) VALUES ('Escavadeira', 'PCC Excavator', 2);
INSERT INTO Maquinario (tipo, modelo, id_jazida) VALUES ('Caminhão', 'PCC Hauler', 2);
INSERT INTO Maquinario (tipo, modelo, id_jazida) VALUES ('Escavadeira', 'RDA Excavator', 3);
INSERT INTO Maquinario (tipo, modelo, id_jazida) VALUES ('Caminhão', 'RDA Hauler', 3);
INSERT INTO Maquinario (tipo, modelo, id_jazida) VALUES ('Escavadeira', 'PCC Excavator', 4);
INSERT INTO Maquinario (tipo, modelo, id_jazida) VALUES ('Caminhão', 'PCC Hauler', 4);
INSERT INTO Maquinario (tipo, modelo, id_jazida) VALUES ('Escavadeira', 'RDA Excavator', 5);
INSERT INTO Maquinario (tipo, modelo, id_jazida) VALUES ('Caminhão', 'RDA Hauler', 5);
INSERT INTO Maquinario (tipo, modelo, id_jazida) VALUES ('Escavadeira', 'PCC Excavator', 6);
INSERT INTO Maquinario (tipo, modelo, id_jazida) VALUES ('Caminhão', 'PCC Hauler', 6);
INSERT INTO Maquinario (tipo, modelo, id_jazida) VALUES ('Escavadeira', 'RDA Excavator', 7);
INSERT INTO Maquinario (tipo, modelo, id_jazida) VALUES ('Caminhão', 'RDA Hauler', 7);
INSERT INTO Maquinario (tipo, modelo, id_jazida) VALUES ('Escavadeira', 'PCC Excavator', 8);
INSERT INTO Maquinario (tipo, modelo, id_jazida) VALUES ('Caminhão', 'PCC Hauler', 8);
INSERT INTO Maquinario (tipo, modelo, id_jazida) VALUES ('Escavadeira', 'RDA Excavator', 9);
INSERT INTO Maquinario (tipo, modelo, id_jazida) VALUES ('Caminhão', 'RDA Hauler', 9);
INSERT INTO Maquinario (tipo, modelo, id_jazida) VALUES ('Escavadeira', 'PCC Excavator', 10);
INSERT INTO Maquinario (tipo, modelo, id_jazida) VALUES ('Caminhão', 'PCC Hauler', 10);

-- Insert into Escavadeira
INSERT INTO Escavadeira (peso_operacional, potencia_motor, capacidade_pa, id_maquinario) VALUES (120000, 1500, 50, 1);
INSERT INTO Escavadeira (peso_operacional, potencia_motor, capacidade_pa, id_maquinario) VALUES (80000, 1000, 30, 3);
INSERT INTO Escavadeira (peso_operacional, potencia_motor, capacidade_pa, id_maquinario) VALUES (120000, 1500, 50, 5);
INSERT INTO Escavadeira (peso_operacional, potencia_motor, capacidade_pa, id_maquinario) VALUES (80000, 1000, 30, 7);
INSERT INTO Escavadeira (peso_operacional, potencia_motor, capacidade_pa, id_maquinario) VALUES (120000, 1500, 50, 9);
INSERT INTO Escavadeira (peso_operacional, potencia_motor, capacidade_pa, id_maquinario) VALUES (80000, 1000, 30, 11);
INSERT INTO Escavadeira (peso_operacional, potencia_motor, capacidade_pa, id_maquinario) VALUES (120000, 1500, 50, 13);
INSERT INTO Escavadeira (peso_operacional, potencia_motor, capacidade_pa, id_maquinario) VALUES (80000, 1000, 30, 15);
INSERT INTO Escavadeira (peso_operacional, potencia_motor, capacidade_pa, id_maquinario) VALUES (120000, 1500, 50, 17);
INSERT INTO Escavadeira (peso_operacional, potencia_motor, capacidade_pa, id_maquinario) VALUES (80000, 1000, 30, 19);

-- Insert into Caminhao
INSERT INTO Caminhao (peso_operacional, potencia_motor, capacidade_cacamba, id_maquinario) VALUES (60000, 800, 100, 2);
INSERT INTO Caminhao (peso_operacional, potencia_motor, capacidade_cacamba, id_maquinario) VALUES (40000, 600, 70, 4);
INSERT INTO Caminhao (peso_operacional, potencia_motor, capacidade_cacamba, id_maquinario) VALUES (60000, 800, 100, 6);
INSERT INTO Caminhao (peso_operacional, potencia_motor, capacidade_cacamba, id_maquinario) VALUES (40000, 600, 70, 8);
INSERT INTO Caminhao (peso_operacional, potencia_motor, capacidade_cacamba, id_maquinario) VALUES (60000, 800, 100, 10);
INSERT INTO Caminhao (peso_operacional, potencia_motor, capacidade_cacamba, id_maquinario) VALUES (40000, 600, 70, 12);
INSERT INTO Caminhao (peso_operacional, potencia_motor, capacidade_cacamba, id_maquinario) VALUES (60000, 800, 100, 14);
INSERT INTO Caminhao (peso_operacional, potencia_motor, capacidade_cacamba, id_maquinario) VALUES (40000, 600, 70, 16);
INSERT INTO Caminhao (peso_operacional, potencia_motor, capacidade_cacamba, id_maquinario) VALUES (60000, 800, 100, 18);
INSERT INTO Caminhao (peso_operacional, potencia_motor, capacidade_cacamba, id_maquinario) VALUES (40000, 600, 70, 20);

-- Insert into Cientista
INSERT INTO Cientista (especialidade, id_humano) VALUES ('Biologia', 1);
INSERT INTO Cientista (especialidade, id_humano) VALUES ('Física', 2);
INSERT INTO Cientista (especialidade, id_humano) VALUES ('Química', 3);
INSERT INTO Cientista (especialidade, id_humano) VALUES ('Matemática', 4);
INSERT INTO Cientista (especialidade, id_humano) VALUES ('Engenharia', 5);
INSERT INTO Cientista (especialidade, id_humano) VALUES ('Medicina', 6);
INSERT INTO Cientista (especialidade, id_humano) VALUES ('Psicologia', 7);
INSERT INTO Cientista (especialidade, id_humano) VALUES ('Economia', 8);
INSERT INTO Cientista (especialidade, id_humano) VALUES ('Sociologia', 9);
INSERT INTO Cientista (especialidade, id_humano) VALUES ('Filosofia', 10);
INSERT INTO Cientista (especialidade, id_humano) VALUES ('História', 11);
INSERT INTO Cientista (especialidade, id_humano) VALUES ('Geografia', 12);

-- Insert into Militar
INSERT INTO Militar (especialidade, patente, id_humano) VALUES ('Combate', 'Coronel', 13);
INSERT INTO Militar (especialidade, patente, id_humano) VALUES ('Logística', 'Major', 14);
INSERT INTO Militar (especialidade, patente, id_humano) VALUES ('Inteligência', 'Capitão', 15);
INSERT INTO Militar (especialidade, patente, id_humano) VALUES ('Medicina', 'Tenente', 16);
INSERT INTO Militar (especialidade, patente, id_humano) VALUES ('Engenharia', 'Sargento', 17);
INSERT INTO Militar (especialidade, patente, id_humano) VALUES ('Comunicação', 'Cabo', 18);
INSERT INTO Militar (especialidade, patente, id_humano) VALUES ('Logística', 'Soldado', 19);
INSERT INTO Militar (especialidade, patente, id_humano) VALUES ('Combate', 'Coronel', 20);
INSERT INTO Militar (especialidade, patente, id_humano) VALUES ('Logística', 'Major', 21);
INSERT INTO Militar (especialidade, patente, id_humano) VALUES ('Inteligência', 'Capitão', 22);

-- Insert into Minerador
INSERT INTO Minerador (funcao, id_humano) VALUES ('Escavador', 23);
INSERT INTO Minerador (funcao, id_humano) VALUES ('Motorista', 24);
INSERT INTO Minerador (funcao, id_humano) VALUES ('Escavador', 25);
INSERT INTO Minerador (funcao, id_humano) VALUES ('Motorista', 26);
INSERT INTO Minerador (funcao, id_humano) VALUES ('Escavador', 27);
INSERT INTO Minerador (funcao, id_humano) VALUES ('Motorista', 28);
INSERT INTO Minerador (funcao, id_humano) VALUES ('Escavador', 29);
INSERT INTO Minerador (funcao, id_humano) VALUES ('Motorista', 30);
INSERT INTO Minerador (funcao, id_humano) VALUES ('Escavador', 31);
INSERT INTO Minerador (funcao, id_humano) VALUES ('Motorista', 32);

-- Insert into Resultado
INSERT INTO Resultado (descricao, id_pesquisa) VALUES ('Na_vi e humanos se comunicam', 1);
INSERT INTO Resultado (descricao, id_pesquisa) VALUES ('Nova técnica de extração de Unobtanium', 2);
INSERT INTO Resultado (descricao, id_pesquisa) VALUES ('Nova espécie de planta descoberta', 3);
INSERT INTO Resultado (descricao, id_pesquisa) VALUES ('Eywa se comunica com humanos', 4);
INSERT INTO Resultado (descricao, id_pesquisa) VALUES ('Nova arma biológica desenvolvida', 5);
INSERT INTO Resultado (descricao, id_pesquisa) VALUES ('Na_vi estudados em detalhes', 6);
INSERT INTO Resultado (descricao, id_pesquisa) VALUES ('Direhorse estudados em detalhes', 7);
INSERT INTO Resultado (descricao, id_pesquisa) VALUES ('Leonopteryx estudados em detalhes', 8);
INSERT INTO Resultado (descricao, id_pesquisa) VALUES ('Thanator estudados em detalhes', 9);
INSERT INTO Resultado (descricao, id_pesquisa) VALUES ('Banshee estudados em detalhes', 10);
INSERT INTO Resultado (descricao, id_pesquisa) VALUES ('Avatar Neytiri criado com sucesso', 11);
INSERT INTO Resultado (descricao, id_pesquisa) VALUES ('Avatar Tsu Tey criado com sucesso', 12);
INSERT INTO Resultado (descricao, id_pesquisa) VALUES ('Avatar Moat criado com sucesso', 13);
INSERT INTO Resultado (descricao, id_pesquisa) VALUES ('Avatar Eytukan criado com sucesso', 14);
INSERT INTO Resultado (descricao, id_pesquisa) VALUES ('Avatar Grace criado com sucesso', 15);
INSERT INTO Resultado (descricao, id_pesquisa) VALUES ('Avatar Trudy criado com sucesso', 16);
INSERT INTO Resultado (descricao, id_pesquisa) VALUES ('Avatar Norm criado com sucesso', 17);
INSERT INTO Resultado (descricao, id_pesquisa) VALUES ('Avatar Max criado com sucesso', 18);
INSERT INTO Resultado (descricao, id_pesquisa) VALUES ('Avatar Lyle criado com sucesso', 19);
INSERT INTO Resultado (descricao, id_pesquisa) VALUES ('Avatar Kendra criado com sucesso', 20);

-- Insert into Avatar
INSERT INTO Avatar (material_genetico, id_humano, id_resultado) VALUES ('AGGAT', 1, 11);
INSERT INTO Avatar (material_genetico, id_humano, id_resultado) VALUES ('AATGA', 2, 12);
INSERT INTO Avatar (material_genetico, id_humano, id_resultado) VALUES ('GATCG', 3, 13);
INSERT INTO Avatar (material_genetico, id_humano, id_resultado) VALUES ('TACGA', 4, 14);
INSERT INTO Avatar (material_genetico, id_humano, id_resultado) VALUES ('CGTAC', 5, 15);
INSERT INTO Avatar (material_genetico, id_humano, id_resultado) VALUES ('ATCGA', 6, 16);
INSERT INTO Avatar (material_genetico, id_humano, id_resultado) VALUES ('GATAC', 7, 17);
INSERT INTO Avatar (material_genetico, id_humano, id_resultado) VALUES ('TACGT', 8, 18);
INSERT INTO Avatar (material_genetico, id_humano, id_resultado) VALUES ('CCTAC', 9, 19);
INSERT INTO Avatar (material_genetico, id_humano, id_resultado) VALUES ('GTCGA', 10, 20);

-- Insert into Arvore
INSERT INTO Arvore (tipo, idade, altura, id_regiao) VALUES ('VIDA', 10000, 500, 1);
INSERT INTO Arvore (tipo, idade, altura, id_regiao) VALUES ('VIDA', 5000, 250, 2);
INSERT INTO Arvore (tipo, idade, altura, id_regiao) VALUES ('VIDA', 7500, 375, 3);
INSERT INTO Arvore (tipo, idade, altura, id_regiao) VALUES ('VIDA', 10000, 500, 4);
INSERT INTO Arvore (tipo, idade, altura, id_regiao) VALUES ('VIDA', 5000, 250, 5);
INSERT INTO Arvore (tipo, idade, altura, id_regiao) VALUES ('VIDA', 7500, 375, 6);
INSERT INTO Arvore (tipo, idade, altura, id_regiao) VALUES ('VIDA', 10000, 500, 7);
INSERT INTO Arvore (tipo, idade, altura, id_regiao) VALUES ('VIDA', 5000, 250, 8);
INSERT INTO Arvore (tipo, idade, altura, id_regiao) VALUES ('VIDA', 7500, 375, 9);
INSERT INTO Arvore (tipo, idade, altura, id_regiao) VALUES ('VIDA', 10000, 500, 10);
INSERT INTO Arvore (tipo, idade, altura, id_regiao) VALUES ('LAR', 5000, 250, 11);
INSERT INTO Arvore (tipo, idade, altura, id_regiao) VALUES ('LAR', 7500, 375, 12);
INSERT INTO Arvore (tipo, idade, altura, id_regiao) VALUES ('LAR', 10000, 500, 13);
INSERT INTO Arvore (tipo, idade, altura, id_regiao) VALUES ('LAR', 5000, 250, 14);
INSERT INTO Arvore (tipo, idade, altura, id_regiao) VALUES ('LAR', 7500, 375, 15);
INSERT INTO Arvore (tipo, idade, altura, id_regiao) VALUES ('LAR', 10000, 500, 16);
INSERT INTO Arvore (tipo, idade, altura, id_regiao) VALUES ('LAR', 5000, 250, 17);
INSERT INTO Arvore (tipo, idade, altura, id_regiao) VALUES ('LAR', 7500, 375, 18);
INSERT INTO Arvore (tipo, idade, altura, id_regiao) VALUES ('LAR', 10000, 500, 19);
INSERT INTO Arvore (tipo, idade, altura, id_regiao) VALUES ('LAR', 5000, 250, 20);
INSERT INTO Arvore (tipo, idade, altura, id_regiao) VALUES ('ALMA', 7500, 375, 21);
INSERT INTO Arvore (tipo, idade, altura, id_regiao) VALUES ('ALMA', 10000, 500, 22);
INSERT INTO Arvore (tipo, idade, altura, id_regiao) VALUES ('ALMA', 5000, 250, 23);
INSERT INTO Arvore (tipo, idade, altura, id_regiao) VALUES ('ALMA', 7500, 375, 24);
INSERT INTO Arvore (tipo, idade, altura, id_regiao) VALUES ('ALMA', 10000, 500, 25);
INSERT INTO Arvore (tipo, idade, altura, id_regiao) VALUES ('ALMA', 5000, 250, 26);
INSERT INTO Arvore (tipo, idade, altura, id_regiao) VALUES ('ALMA', 7500, 375, 27);
INSERT INTO Arvore (tipo, idade, altura, id_regiao) VALUES ('ALMA', 10000, 500, 28);
INSERT INTO Arvore (tipo, idade, altura, id_regiao) VALUES ('ALMA', 5000, 250, 29);
INSERT INTO Arvore (tipo, idade, altura, id_regiao) VALUES ('ALMA', 7500, 375, 30);

-- Insert into Arvore_Vida
INSERT INTO Arvore_Vida (produz_sementes, id_arvore) VALUES (1, 1);
INSERT INTO Arvore_Vida (produz_sementes, id_arvore) VALUES (0, 2);
INSERT INTO Arvore_Vida (produz_sementes, id_arvore) VALUES (0, 3);
INSERT INTO Arvore_Vida (produz_sementes, id_arvore) VALUES (1, 4);
INSERT INTO Arvore_Vida (produz_sementes, id_arvore) VALUES (0, 5);
INSERT INTO Arvore_Vida (produz_sementes, id_arvore) VALUES (1, 6);
INSERT INTO Arvore_Vida (produz_sementes, id_arvore) VALUES (1, 7);
INSERT INTO Arvore_Vida (produz_sementes, id_arvore) VALUES (1, 8);
INSERT INTO Arvore_Vida (produz_sementes, id_arvore) VALUES (0, 9);
INSERT INTO Arvore_Vida (produz_sementes, id_arvore) VALUES (1, 10);

-- Insert into Arvore_Lar
INSERT INTO Arvore_Lar (capacidade, habitantes, id_arvore) VALUES (50, 20, 11);
INSERT INTO Arvore_Lar (capacidade, habitantes, id_arvore) VALUES (80, 49, 12);
INSERT INTO Arvore_Lar (capacidade, habitantes, id_arvore) VALUES (89, 60, 13);
INSERT INTO Arvore_Lar (capacidade, habitantes, id_arvore) VALUES (100, 70, 14);
INSERT INTO Arvore_Lar (capacidade, habitantes, id_arvore) VALUES (120, 80, 15);
INSERT INTO Arvore_Lar (capacidade, habitantes, id_arvore) VALUES (28, 10, 16);
INSERT INTO Arvore_Lar (capacidade, habitantes, id_arvore) VALUES (35, 15, 17);
INSERT INTO Arvore_Lar (capacidade, habitantes, id_arvore) VALUES (40, 20, 18);
INSERT INTO Arvore_Lar (capacidade, habitantes, id_arvore) VALUES (45, 25, 19);
INSERT INTO Arvore_Lar (capacidade, habitantes, id_arvore) VALUES (50, 30, 20);

-- Insert into Arvore_Alma
INSERT INTO Arvore_Alma (eywa, id_arvore) VALUES (1, 21);
INSERT INTO Arvore_Alma (eywa, id_arvore) VALUES (0, 22);
INSERT INTO Arvore_Alma (eywa, id_arvore) VALUES (1, 23);
INSERT INTO Arvore_Alma (eywa, id_arvore) VALUES (0, 24);
INSERT INTO Arvore_Alma (eywa, id_arvore) VALUES (0, 25);
INSERT INTO Arvore_Alma (eywa, id_arvore) VALUES (1, 26);
INSERT INTO Arvore_Alma (eywa, id_arvore) VALUES (1, 27);
INSERT INTO Arvore_Alma (eywa, id_arvore) VALUES (0, 28);
INSERT INTO Arvore_Alma (eywa, id_arvore) VALUES (1, 29);
INSERT INTO Arvore_Alma (eywa, id_arvore) VALUES (0, 30);

-- Insert into Cla
INSERT INTO Cla (nome, id_arvore_lar) VALUES ('AbacateCla', 1);
INSERT INTO Cla (nome, id_arvore_lar) VALUES ('BananaCla', 2);
INSERT INTO Cla (nome, id_arvore_lar) VALUES ('CajuCla', 3);
INSERT INTO Cla (nome, id_arvore_lar) VALUES ('DamascoCla', 4);
INSERT INTO Cla (nome, id_arvore_lar) VALUES ('EspinheiroCla', 5);
INSERT INTO Cla (nome, id_arvore_lar) VALUES ('FigoCla', 6);
INSERT INTO Cla (nome, id_arvore_lar) VALUES ('GoiabaCla', 7);
INSERT INTO Cla (nome, id_arvore_lar) VALUES ('HortelãCla', 8);
INSERT INTO Cla (nome, id_arvore_lar) VALUES ('IngáCla', 9);
INSERT INTO Cla (nome, id_arvore_lar) VALUES ('JabuticabaCla', 10);

-- Insert into Na_vi
INSERT INTO Na_vi (altura, humor, id_criatura, id_jazida, id_cla, status_no_cla, funcao_no_cla) VALUES (3.0, 'Feliz', 1, 1, 1, 'Guerreiro', 'Caçador');
INSERT INTO Na_vi (altura, humor, id_criatura, id_jazida, id_cla, status_no_cla, funcao_no_cla) VALUES (3.5, 'Triste', 2, 2, 2, 'Guerreiro', 'Caçador');
INSERT INTO Na_vi (altura, humor, id_criatura, id_jazida, id_cla, status_no_cla, funcao_no_cla) VALUES (3.2, 'Feliz', 3, 3, 3, 'Guerreiro', 'Caçador');
INSERT INTO Na_vi (altura, humor, id_criatura, id_jazida, id_cla, status_no_cla, funcao_no_cla) VALUES (3.8, 'Triste', 4, 4, 4, 'Guerreiro', 'Caçador');
INSERT INTO Na_vi (altura, humor, id_criatura, id_jazida, id_cla, status_no_cla, funcao_no_cla) VALUES (3.4, 'Feliz', 5, 5, 5, 'Guerreiro', 'Caçador');
INSERT INTO Na_vi (altura, humor, id_criatura, id_jazida, id_cla, status_no_cla, funcao_no_cla) VALUES (3.6, 'Triste', 6, 6, 6, 'Guerreiro', 'Caçador');
INSERT INTO Na_vi (altura, humor, id_criatura, id_jazida, id_cla, status_no_cla, funcao_no_cla) VALUES (3.1, 'Feliz', 7, 7, 7, 'Guerreiro', 'Caçador');
INSERT INTO Na_vi (altura, humor, id_criatura, id_jazida, id_cla, status_no_cla, funcao_no_cla) VALUES (3.9, 'Triste', 8, 8, 8, 'Guerreiro', 'Caçador');
INSERT INTO Na_vi (altura, humor, id_criatura, id_jazida, id_cla, status_no_cla, funcao_no_cla) VALUES (3.3, 'Feliz', 9, 9, 9, 'Guerreiro', 'Caçador');
INSERT INTO Na_vi (altura, humor, id_criatura, id_jazida, id_cla, status_no_cla, funcao_no_cla) VALUES (3.7, 'Triste', 10, 10, 10, 'Guerreiro', 'Caçador');

-- Insert into Liderança_Cla
INSERT INTO Liderança_Cla (nome, cargo, id_cla) VALUES ('Tsu''tey', 'Líder', 1);
INSERT INTO Liderança_Cla (nome, cargo, id_cla) VALUES ('Mo''at', 'Tsahik', 1);
INSERT INTO Liderança_Cla (nome, cargo, id_cla) VALUES ('Eytukan', 'Líder', 2);
INSERT INTO Liderança_Cla (nome, cargo, id_cla) VALUES ('Neytiri', 'Tsahik', 2);
INSERT INTO Liderança_Cla (nome, cargo, id_cla) VALUES ('Grace', 'Líder', 3);
INSERT INTO Liderança_Cla (nome, cargo, id_cla) VALUES ('Norm', 'Tsahik', 3);
INSERT INTO Liderança_Cla (nome, cargo, id_cla) VALUES ('Trudy', 'Líder', 4);
INSERT INTO Liderança_Cla (nome, cargo, id_cla) VALUES ('Max', 'Tsahik', 4);
INSERT INTO Liderança_Cla (nome, cargo, id_cla) VALUES ('Lyle', 'Líder', 5);
INSERT INTO Liderança_Cla (nome, cargo, id_cla) VALUES ('Kendra', 'Tsahik', 5);
INSERT INTO Liderança_Cla (nome, cargo, id_cla) VALUES ('Tsu''tey', 'Líder', 6);
INSERT INTO Liderança_Cla (nome, cargo, id_cla) VALUES ('Mo''at', 'Tsahik', 6);
INSERT INTO Liderança_Cla (nome, cargo, id_cla) VALUES ('Eytukan', 'Líder', 7);
INSERT INTO Liderança_Cla (nome, cargo, id_cla) VALUES ('Neytiri', 'Tsahik', 7);
INSERT INTO Liderança_Cla (nome, cargo, id_cla) VALUES ('Grace', 'Líder', 8);
INSERT INTO Liderança_Cla (nome, cargo, id_cla) VALUES ('Norm', 'Tsahik', 8);
INSERT INTO Liderança_Cla (nome, cargo, id_cla) VALUES ('Trudy', 'Líder', 9);
INSERT INTO Liderança_Cla (nome, cargo, id_cla) VALUES ('Max', 'Tsahik', 9);
INSERT INTO Liderança_Cla (nome, cargo, id_cla) VALUES ('Lyle', 'Líder', 10);
INSERT INTO Liderança_Cla (nome, cargo, id_cla) VALUES ('Kendra', 'Tsahik', 10);

-- Insert into Planície
INSERT INTO Planície (tem_rio, tem_lago, flora, id_regiao) VALUES (1, 0, 'Herbácea', 1);
INSERT INTO Planície (tem_rio, tem_lago, flora, id_regiao) VALUES (0, 1, 'Arbustiva', 2);
INSERT INTO Planície (tem_rio, tem_lago, flora, id_regiao) VALUES (1, 0, 'Herbácea', 3);
INSERT INTO Planície (tem_rio, tem_lago, flora, id_regiao) VALUES (0, 1, 'Arbustiva', 4);
INSERT INTO Planície (tem_rio, tem_lago, flora, id_regiao) VALUES (1, 0, 'Herbácea', 11);
INSERT INTO Planície (tem_rio, tem_lago, flora, id_regiao) VALUES (0, 1, 'Arbustiva', 12);
INSERT INTO Planície (tem_rio, tem_lago, flora, id_regiao) VALUES (1, 0, 'Herbácea', 13);
INSERT INTO Planície (tem_rio, tem_lago, flora, id_regiao) VALUES (0, 1, 'Arbustiva', 14);
INSERT INTO Planície (tem_rio, tem_lago, flora, id_regiao) VALUES (1, 0, 'Herbácea', 29);
INSERT INTO Planície (tem_rio, tem_lago, flora, id_regiao) VALUES (0, 1, 'Arbustiva', 30);

-- Insert into Vale
INSERT INTO Vale (possui_agua, profundidade_max, id_regiao) VALUES (1, 1000, 5);
INSERT INTO Vale (possui_agua, profundidade_max, id_regiao) VALUES (0, 500, 6);
INSERT INTO Vale (possui_agua, profundidade_max, id_regiao) VALUES (1, 1000, 7);
INSERT INTO Vale (possui_agua, profundidade_max, id_regiao) VALUES (0, 500, 15);
INSERT INTO Vale (possui_agua, profundidade_max, id_regiao) VALUES (1, 1000, 16);
INSERT INTO Vale (possui_agua, profundidade_max, id_regiao) VALUES (0, 500, 17);
INSERT INTO Vale (possui_agua, profundidade_max, id_regiao) VALUES (1, 1000, 18);
INSERT INTO Vale (possui_agua, profundidade_max, id_regiao) VALUES (0, 500, 19);
INSERT INTO Vale (possui_agua, profundidade_max, id_regiao) VALUES (1, 1000, 20);
INSERT INTO Vale (possui_agua, profundidade_max, id_regiao) VALUES (0, 500, 21);

-- Insert into Montanha
INSERT INTO Montanha (altura, movimenta, id_regiao) VALUES (3000, 0, 8);
INSERT INTO Montanha (altura, movimenta, id_regiao) VALUES (2000, 1, 9);
INSERT INTO Montanha (altura, movimenta, id_regiao) VALUES (2500, 0, 10);
INSERT INTO Montanha (altura, movimenta, id_regiao) VALUES (3000, 0, 22);
INSERT INTO Montanha (altura, movimenta, id_regiao) VALUES (2000, 1, 23);
INSERT INTO Montanha (altura, movimenta, id_regiao) VALUES (2500, 0, 24);
INSERT INTO Montanha (altura, movimenta, id_regiao) VALUES (3000, 0, 25);
INSERT INTO Montanha (altura, movimenta, id_regiao) VALUES (2000, 1, 26);
INSERT INTO Montanha (altura, movimenta, id_regiao) VALUES (2500, 0, 27);
INSERT INTO Montanha (altura, movimenta, id_regiao) VALUES (3000, 0, 28);

-- Insert into Direhorse
INSERT INTO Direhorse (comprimento_antena, id_criatura, id_planicie) VALUES (1.5, 11, 1);
INSERT INTO Direhorse (comprimento_antena, id_criatura, id_planicie) VALUES (1.0, 12, 2);
INSERT INTO Direhorse (comprimento_antena, id_criatura, id_planicie) VALUES (1.2, 13, 3);
INSERT INTO Direhorse (comprimento_antena, id_criatura, id_planicie) VALUES (1.8, 14, 4);
INSERT INTO Direhorse (comprimento_antena, id_criatura, id_planicie) VALUES (1.3, 15, 5);
INSERT INTO Direhorse (comprimento_antena, id_criatura, id_planicie) VALUES (1.7, 16, 6);
INSERT INTO Direhorse (comprimento_antena, id_criatura, id_planicie) VALUES (1.1, 17, 7);
INSERT INTO Direhorse (comprimento_antena, id_criatura, id_planicie) VALUES (1.9, 18, 8);
INSERT INTO Direhorse (comprimento_antena, id_criatura, id_planicie) VALUES (1.4, 19, 9);
INSERT INTO Direhorse (comprimento_antena, id_criatura, id_planicie) VALUES (1.6, 20, 10);

-- Insert into Leonopteryx
INSERT INTO Leonopteryx (cor1, cor2, envergadura_asas, id_criatura, id_vale) VALUES ('Azul', 'Vermelho', 30, 21, 1);
INSERT INTO Leonopteryx (cor1, cor2, envergadura_asas, id_criatura, id_vale) VALUES ('Verde', 'Amarelo', 25, 22, 2);
INSERT INTO Leonopteryx (cor1, cor2, envergadura_asas, id_criatura, id_vale) VALUES ('Vermelho', 'Azul', 28, 23, 3);
INSERT INTO Leonopteryx (cor1, cor2, envergadura_asas, id_criatura, id_vale) VALUES ('Amarelo', 'Verde', 32, 24, 4);
INSERT INTO Leonopteryx (cor1, cor2, envergadura_asas, id_criatura, id_vale) VALUES ('Azul', 'Vermelho', 30, 25, 5);
INSERT INTO Leonopteryx (cor1, cor2, envergadura_asas, id_criatura, id_vale) VALUES ('Verde', 'Amarelo', 25, 26, 6);
INSERT INTO Leonopteryx (cor1, cor2, envergadura_asas, id_criatura, id_vale) VALUES ('Vermelho', 'Azul', 28, 27, 7);
INSERT INTO Leonopteryx (cor1, cor2, envergadura_asas, id_criatura, id_vale) VALUES ('Amarelo', 'Verde', 32, 28, 8);
INSERT INTO Leonopteryx (cor1, cor2, envergadura_asas, id_criatura, id_vale) VALUES ('Azul', 'Vermelho', 30, 29, 9);
INSERT INTO Leonopteryx (cor1, cor2, envergadura_asas, id_criatura, id_vale) VALUES ('Verde', 'Amarelo', 25, 30, 10);

-- Insert into Thanator
INSERT INTO Thanator (forca, velocidade_max, id_criatura, id_vale) VALUES (1000, 80, 31, 1);
INSERT INTO Thanator (forca, velocidade_max, id_criatura, id_vale) VALUES (800, 70, 32, 2);
INSERT INTO Thanator (forca, velocidade_max, id_criatura, id_vale) VALUES (900, 75, 33, 3);
INSERT INTO Thanator (forca, velocidade_max, id_criatura, id_vale) VALUES (1100, 85, 34, 4);
INSERT INTO Thanator (forca, velocidade_max, id_criatura, id_vale) VALUES (1000, 80, 35, 5);
INSERT INTO Thanator (forca, velocidade_max, id_criatura, id_vale) VALUES (800, 70, 36, 6);
INSERT INTO Thanator (forca, velocidade_max, id_criatura, id_vale) VALUES (900, 75, 37, 7);
INSERT INTO Thanator (forca, velocidade_max, id_criatura, id_vale) VALUES (1100, 85, 38, 8);
INSERT INTO Thanator (forca, velocidade_max, id_criatura, id_vale) VALUES (1000, 80, 39, 9);
INSERT INTO Thanator (forca, velocidade_max, id_criatura, id_vale) VALUES (800, 70, 40, 10);

-- Insert into Banshee
INSERT INTO Banshee (altura_max_voo, cor_predominante, id_criatura, id_montanha) VALUES (2000, 'Verde', 41, 1);
INSERT INTO Banshee (altura_max_voo, cor_predominante, id_criatura, id_montanha) VALUES (1800, 'Azul', 42, 2);
INSERT INTO Banshee (altura_max_voo, cor_predominante, id_criatura, id_montanha) VALUES (1900, 'Vermelho', 43, 3);
INSERT INTO Banshee (altura_max_voo, cor_predominante, id_criatura, id_montanha) VALUES (2100, 'Amarelo', 44, 4);
INSERT INTO Banshee (altura_max_voo, cor_predominante, id_criatura, id_montanha) VALUES (2000, 'Verde', 45, 5);
INSERT INTO Banshee (altura_max_voo, cor_predominante, id_criatura, id_montanha) VALUES (1800, 'Azul', 46, 6);
INSERT INTO Banshee (altura_max_voo, cor_predominante, id_criatura, id_montanha) VALUES (1900, 'Vermelho', 47, 7);
INSERT INTO Banshee (altura_max_voo, cor_predominante, id_criatura, id_montanha) VALUES (2100, 'Amarelo', 48, 8);
INSERT INTO Banshee (altura_max_voo, cor_predominante, id_criatura, id_montanha) VALUES (2000, 'Verde', 49, 9);
INSERT INTO Banshee (altura_max_voo, cor_predominante, id_criatura, id_montanha) VALUES (1800, 'Azul', 50, 10);

-- Insert into Emprega_Cientista
INSERT INTO Emprega_Cientista (id_laboratorio, id_cientista) VALUES (1, 1);
INSERT INTO Emprega_Cientista (id_laboratorio, id_cientista) VALUES (1, 2);
INSERT INTO Emprega_Cientista (id_laboratorio, id_cientista) VALUES (1, 3);
INSERT INTO Emprega_Cientista (id_laboratorio, id_cientista) VALUES (2, 4);
INSERT INTO Emprega_Cientista (id_laboratorio, id_cientista) VALUES (2, 5);
INSERT INTO Emprega_Cientista (id_laboratorio, id_cientista) VALUES (2, 6);
INSERT INTO Emprega_Cientista (id_laboratorio, id_cientista) VALUES (3, 7);
INSERT INTO Emprega_Cientista (id_laboratorio, id_cientista) VALUES (3, 8);
INSERT INTO Emprega_Cientista (id_laboratorio, id_cientista) VALUES (3, 9);
INSERT INTO Emprega_Cientista (id_laboratorio, id_cientista) VALUES (4, 10);
INSERT INTO Emprega_Cientista (id_laboratorio, id_cientista) VALUES (4, 11);
INSERT INTO Emprega_Cientista (id_laboratorio, id_cientista) VALUES (4, 12);

-- Insert into Desenvolve
INSERT INTO Desenvolve (id_laboratorio, id_cientista, id_pesquisa) VALUES (1, 1, 1);
INSERT INTO Desenvolve (id_laboratorio, id_cientista, id_pesquisa) VALUES (1, 2, 2);
INSERT INTO Desenvolve (id_laboratorio, id_cientista, id_pesquisa) VALUES (1, 3, 3);
INSERT INTO Desenvolve (id_laboratorio, id_cientista, id_pesquisa) VALUES (2, 4, 4);
INSERT INTO Desenvolve (id_laboratorio, id_cientista, id_pesquisa) VALUES (2, 5, 5);
INSERT INTO Desenvolve (id_laboratorio, id_cientista, id_pesquisa) VALUES (2, 6, 6);
INSERT INTO Desenvolve (id_laboratorio, id_cientista, id_pesquisa) VALUES (3, 7, 7);
INSERT INTO Desenvolve (id_laboratorio, id_cientista, id_pesquisa) VALUES (3, 8, 8);
INSERT INTO Desenvolve (id_laboratorio, id_cientista, id_pesquisa) VALUES (3, 9, 9);
INSERT INTO Desenvolve (id_laboratorio, id_cientista, id_pesquisa) VALUES (4, 10, 10);
INSERT INTO Desenvolve (id_laboratorio, id_cientista, id_pesquisa) VALUES (4, 11, 11);
INSERT INTO Desenvolve (id_laboratorio, id_cientista, id_pesquisa) VALUES (4, 12, 12);

-- Insert into Utiliza
INSERT INTO Utiliza (id_pesquisa, id_equipamento) VALUES (1, 1);
INSERT INTO Utiliza (id_pesquisa, id_equipamento) VALUES (2, 2);
INSERT INTO Utiliza (id_pesquisa, id_equipamento) VALUES (3, 3);
INSERT INTO Utiliza (id_pesquisa, id_equipamento) VALUES (4, 4);
INSERT INTO Utiliza (id_pesquisa, id_equipamento) VALUES (5, 5);
INSERT INTO Utiliza (id_pesquisa, id_equipamento) VALUES (6, 6);
INSERT INTO Utiliza (id_pesquisa, id_equipamento) VALUES (7, 7);
INSERT INTO Utiliza (id_pesquisa, id_equipamento) VALUES (8, 8);
INSERT INTO Utiliza (id_pesquisa, id_equipamento) VALUES (9, 9);
INSERT INTO Utiliza (id_pesquisa, id_equipamento) VALUES (10, 10);

-- Insert into Conecta_com
INSERT INTO Conecta_com (id_criatura1, id_criatura2, relacao) VALUES (1, 11, 'Domina');
INSERT INTO Conecta_com (id_criatura1, id_criatura2, relacao) VALUES (2, 12, 'Domina');
INSERT INTO Conecta_com (id_criatura1, id_criatura2, relacao) VALUES (3, 13, 'Domina');
INSERT INTO Conecta_com (id_criatura1, id_criatura2, relacao) VALUES (4, 14, 'Domina');
INSERT INTO Conecta_com (id_criatura1, id_criatura2, relacao) VALUES (5, 15, 'Domina');
INSERT INTO Conecta_com (id_criatura1, id_criatura2, relacao) VALUES (6, 16, 'Domina');
INSERT INTO Conecta_com (id_criatura1, id_criatura2, relacao) VALUES (7, 17, 'Domina');
INSERT INTO Conecta_com (id_criatura1, id_criatura2, relacao) VALUES (8, 18, 'Domina');
INSERT INTO Conecta_com (id_criatura1, id_criatura2, relacao) VALUES (9, 19, 'Domina');
INSERT INTO Conecta_com (id_criatura1, id_criatura2, relacao) VALUES (10, 20, 'Domina');

-- Insert into Se_relaciona
INSERT INTO Se_relaciona (id_cla, id_arvore) VALUES (1, 1);
INSERT INTO Se_relaciona (id_cla, id_arvore) VALUES (2, 2);
INSERT INTO Se_relaciona (id_cla, id_arvore) VALUES (3, 3);
INSERT INTO Se_relaciona (id_cla, id_arvore) VALUES (4, 4);
INSERT INTO Se_relaciona (id_cla, id_arvore) VALUES (5, 5);
INSERT INTO Se_relaciona (id_cla, id_arvore) VALUES (6, 6);
INSERT INTO Se_relaciona (id_cla, id_arvore) VALUES (7, 7);
INSERT INTO Se_relaciona (id_cla, id_arvore) VALUES (8, 8);
INSERT INTO Se_relaciona (id_cla, id_arvore) VALUES (9, 9);
INSERT INTO Se_relaciona (id_cla, id_arvore) VALUES (10, 10);

-- Insert into É_Dominado_Por
INSERT INTO É_Dominado_Por (id_banshee, id_na_vi) VALUES (1, 1);
INSERT INTO É_Dominado_Por (id_banshee, id_na_vi) VALUES (2, 2);
INSERT INTO É_Dominado_Por (id_banshee, id_na_vi) VALUES (3, 3);
INSERT INTO É_Dominado_Por (id_banshee, id_na_vi) VALUES (4, 4);
INSERT INTO É_Dominado_Por (id_banshee, id_na_vi) VALUES (5, 5);
INSERT INTO É_Dominado_Por (id_banshee, id_na_vi) VALUES (6, 6);
INSERT INTO É_Dominado_Por (id_banshee, id_na_vi) VALUES (7, 7);
INSERT INTO É_Dominado_Por (id_banshee, id_na_vi) VALUES (8, 8);
INSERT INTO É_Dominado_Por (id_banshee, id_na_vi) VALUES (9, 9);
INSERT INTO É_Dominado_Por (id_banshee, id_na_vi) VALUES (10, 10);